{"input_num": 21, "hidden_num": 15, "output_num": 1, "input_weights": [[-4.6099561024475273e-08, -4.9024928037937184e-08, -4.616522162110058e-08, -4.666857997084903e-08, -4.771724908092057e-08, -4.6767256501148704e-08, -4.8854191164007125e-08, -4.625516947221088e-08, -4.8459486306579135e-08, -4.714563409128237e-08, -4.683299866811099e-08, -4.5980647789593125e-08, -4.7663038091720056e-08, -4.8767276117548577e-08, -4.7234814056984306e-08], [1.7391931802402445e-07, 1.849558206340849e-07, 1.7416703747223508e-07, 1.7606606755837949e-07, 1.8002238289087106e-07, 1.7643834580078692e-07, 1.84311690413907e-07, 1.7450638593175213e-07, 1.8282260382655085e-07, 1.7786585374010937e-07, 1.766863720106363e-07, 1.734706907277494e-07, 1.7981786172989422e-07, 1.8398379009242116e-07, 1.7820230313959263e-07], [-1.22441445946388e-07, -1.3021128958468963e-07, -1.2261584319367771e-07, -1.2395278217694897e-07, -1.2673807784125305e-07, -1.2421487047984566e-07, -1.2975781186782135e-07, -1.228547483165149e-07, -1.287094725365925e-07, -1.2521985348975353e-07, -1.243894839041936e-07, -1.2212560738883545e-07, -1.2659409222211194e-07, -1.2952696501571982e-07, -1.2545671808551043e-07], [-1.0345735299885154e-07, -1.1002251811495814e-07, -1.0360471233028188e-07, -1.047343750905528e-07, -1.0708783140390776e-07, -1.0495582932658085e-07, -1.0963935471360322e-07, -1.0380657837244313e-07, -1.0875356382325014e-07, -1.058049987330464e-07, -1.051033706703766e-07, -1.0319048075298948e-07, -1.0696617015277108e-07, -1.0944430172361791e-07, -1.0600513925405282e-07], [-9.357459294990272e-08, -9.951261485555843e-08, -9.370787484196782e-08, -9.472962042298198e-08, -9.685825666295137e-08, -9.492991926685323e-08, -9.916605107255773e-08, -9.389045639411754e-08, -9.836487190415561e-08, -9.569796875880273e-08, -9.506336611661341e-08, -9.333321545388019e-08, -9.674821717988119e-08, -9.898962960342288e-08, -9.58789903240556e-08], [2.547648866331036e-08, 2.709316390080255e-08, 2.5512774834589215e-08, 2.579094762030143e-08, 2.6370481697409813e-08, 2.584547974007632e-08, 2.6998806335643307e-08, 2.5562482960699057e-08, 2.6780673917545712e-08, 2.6054584963532268e-08, 2.5881811200102947e-08, 2.5410773409217454e-08, 2.6340522509261712e-08, 2.6950772906135324e-08, 2.6103869168520998e-08], [-7.272273996944313e-08, -7.733756034226601e-08, -7.282632288041494e-08, -7.362039337038135e-08, -7.527469884164278e-08, -7.377605945009461e-08, -7.706822604751493e-08, -7.296822003197789e-08, -7.64455829102633e-08, -7.437296295188088e-08, -7.387977017274633e-08, -7.253514812664698e-08, -7.518918008741002e-08, -7.693111879887937e-08, -7.45136469174365e-08], [-7.415511744694487e-08, -7.886083492003037e-08, -7.426074086092781e-08, -7.507045359295578e-08, -7.675734483042064e-08, -7.522918603741272e-08, -7.858619635984884e-08, -7.440543326057067e-08, -7.795129048439816e-08, -7.583784732198354e-08, -7.533493967651527e-08, -7.396383016603784e-08, -7.667014164173767e-08, -7.844638888077624e-08, -7.598130241983522e-08], [-1.7999228863329472e-08, -1.9141420670445058e-08, -1.8024866831028896e-08, -1.8221407587532108e-08, -1.863086005167669e-08, -1.8259936383909324e-08, -1.907476101723671e-08, -1.805998797477221e-08, -1.8920657109256422e-08, -1.8407674923870446e-08, -1.8285605712727802e-08, -1.7952797650240535e-08, -1.860969374494115e-08, -1.9040827159887983e-08, -1.8442495221046803e-08], [-2.253108319232934e-08, -2.39608546202218e-08, -2.2563176183795636e-08, -2.2809201269766144e-08, -2.3321744799407792e-08, -2.2857430728973636e-08, -2.3877411269389735e-08, -2.2607139991427855e-08, -2.3684506896480406e-08, -2.3042366492988263e-08, -2.2889563006925594e-08, -2.247296172311402e-08, -2.3295249263859426e-08, -2.383493349127093e-08, -2.3085953769311646e-08], [-1.8654345939945103e-07, -1.9838106787962028e-07, -1.8680916083074158e-07, -1.8884604069942566e-07, -1.9308953680040942e-07, -1.8924534223808084e-07, -1.9769018456770747e-07, -1.8717314258475657e-07, -1.9609301388406939e-07, -1.9077647079869198e-07, -1.8951137237427957e-07, -1.8606226612087668e-07, -1.9287017010550517e-07, -1.9733848402932912e-07, -1.9113734237453539e-07], [5.187421656192849e-08, 5.5166035866866323e-08, 5.194810212143922e-08, 5.251451376382411e-08, 5.369454587935781e-08, 5.2625551073927226e-08, 5.497391083344884e-08, 5.2049317283521386e-08, 5.452976165313549e-08, 5.305132651698668e-08, 5.269952848433267e-08, 5.1740407696629766e-08, 5.3633544029764965e-08, 5.487610798868592e-08, 5.315167773450914e-08], [-1.3397623861220227e-08, -1.4247805098328162e-08, -1.3416706623928827e-08, -1.3562996005412204e-08, -1.3867765357486833e-08, -1.3591673975445888e-08, -1.4198185589168222e-08, -1.3442847911702744e-08, -1.4083476180908623e-08, -1.3701640148190239e-08, -1.3610780349229204e-08, -1.3363064405145183e-08, -1.3852010363402887e-08, -1.4172926320616536e-08, -1.372755806901327e-08], [-2.709615617657634e-07, -2.881561493674405e-07, -2.71347503296453e-07, -2.743061497130731e-07, -2.804699924004267e-07, -2.7488615061180433e-07, -2.8715261398656546e-07, -2.7187620077898e-07, -2.848326605392844e-07, -2.7711017408957e-07, -2.752725696620884e-07, -2.702626100677348e-07, -2.801513537218047e-07, -2.866417550465252e-07, -2.776343540497338e-07], [2.980303767326462e-09, 3.169426987345539e-09, 2.9845481898412504e-09, 3.017086853709209e-09, 3.084880189087148e-09, 3.023465754414786e-09, 3.158387479785319e-09, 2.9903626163395125e-09, 3.1328674546711755e-09, 3.047926258173868e-09, 3.027715654280065e-09, 2.97261704334663e-09, 3.081375462222101e-09, 3.152767808069835e-09, 3.0536914721128684e-09], [1.0932799294399172e-07, 1.1626569341980009e-07, 1.0948371271433476e-07, 1.1067746871933064e-07, 1.1316446332113525e-07, 1.1091148790265184e-07, 1.1586078367346755e-07, 1.0969703172077494e-07, 1.1492472214968814e-07, 1.1180883901262392e-07, 1.1106740057095265e-07, 1.090459798183976e-07, 1.1303589844196807e-07, 1.1565466072537981e-07, 1.1202033576247314e-07], [-1.4452140926433312e-07, -1.5369239897085626e-07, -1.447272572320311e-07, -1.4630529730669523e-07, -1.4959287621327335e-07, -1.4661464972134905e-07, -1.531571492917524e-07, -1.4500924630679546e-07, -1.519197690785109e-07, -1.478008666350754e-07, -1.4682075225896607e-07, -1.4414861238669148e-07, -1.4942292553385103e-07, -1.528846754570922e-07, -1.4808044596361985e-07], [-6.01561706152548e-08, -6.397355232369158e-08, -6.024185419987408e-08, -6.089870811127724e-08, -6.226714916698509e-08, -6.102747492878139e-08, -6.375075812072734e-08, -6.035923126633083e-08, -6.323570610110936e-08, -6.152123310707109e-08, -6.11132643430049e-08, -6.000099502821418e-08, -6.219640800099227e-08, -6.36373426010074e-08, -6.16376068441972e-08], [-6.187744364563617e-08, -6.580403642147782e-08, -6.196557728624483e-08, -6.264121506704504e-08, -6.404879936626933e-08, -6.277366454777421e-08, -6.557486458171966e-08, -6.208631073738681e-08, -6.504507090392323e-08, -6.328154509397345e-08, -6.286190756126305e-08, -6.171783105273935e-08, -6.397603432649962e-08, -6.545820267597674e-08, -6.340124760209517e-08], [1.868382374203622e-08, 1.9869446094156246e-08, 1.871043489383926e-08, 1.8914438264640427e-08, 1.9339451275928967e-08, 1.8954430463255303e-08, 1.9800246816416314e-08, 1.874688929469538e-08, 1.964027453095958e-08, 1.910778193541516e-08, 1.8981074854852398e-08, 1.8635630220371976e-08, 1.9317480081095567e-08, 1.976502041403375e-08, 1.9143925500996697e-08], [9.069611988637691e-08, 9.645147436442029e-08, 9.082530114063868e-08, 9.181561178008894e-08, 9.387876329404197e-08, 9.200974840826072e-08, 9.611556998093737e-08, 9.100226530517927e-08, 9.533903393942426e-08, 9.275416929799449e-08, 9.213908978194731e-08, 9.046216882329971e-08, 9.377210886084838e-08, 9.594457487330702e-08, 9.292962196395915e-08]],